1/Distance^2 (1/cm^2),Counts,Weights
0.25,24541,0.006383427
0.0625,17054,0.007657498
0.027777778,11820,0.009197955
0.015625,8253,0.011007636
0.01,6011,0.012898127
0.006944444,4802,0.014430751
0.005102041,3550,0.016783627
0.00390625,2901,0.018566333
0.00308642,2409,0.020374249
0.0025,2013,0.02228836