Aluminum,Copper
0.000225,0.000322
0.000225,0.000414
0.000244,0.000332
0.000229,0.000324
0.000222,0.000442
,
error,error
0.000011,0.00006